<?xml version = '1.0' encoding = 'UTF-8'?>
<Table class="oracle.dbtools.crest.model.design.relational.Table" directorySegmentName="seg_0" id="798E8458-B14D-8630-F7D9-470041DD5CEF" name="Empleados">
<createdBy>varga</createdBy>
<createdTime>2025-08-14 04:26:46 UTC</createdTime>
<generatorID>32C44566-B3FB-E568-AF98-996BDEAB1121</generatorID>
<ownerDesignName>Línea Aérea BT&amp;Airways</ownerDesignName>
<allowColumnReorder>false</allowColumnReorder>
<existDependencyGenerateInDDl>true</existDependencyGenerateInDDl>
<parsed>true</parsed>
<columns itemClass="oracle.dbtools.crest.model.design.relational.Column">
<Column name="RUT" id="29D96F31-9ABB-C42E-C698-0068B0A45E1F">
<createdBy>varga</createdBy>
<createdTime>2025-08-14 04:26:46 UTC</createdTime>
<generatorID>2A121465-AC6D-D4E0-B70C-FD2786AA3D25</generatorID>
<ownerDesignName>Línea Aérea BT&amp;Airways</ownerDesignName>
<useDomainConstraints>false</useDomainConstraints>
<use>1</use>
<logicalDatatype>LOGDT024</logicalDatatype>
<dataTypeSize>15</dataTypeSize>
<ownDataTypeParameters>15,,</ownDataTypeParameters>
<autoIncrementCycle>false</autoIncrementCycle>
</Column>
<Column name="Nombre_completo" id="A6199CD9-89E9-8685-14D1-66D0B6759450">
<createdBy>varga</createdBy>
<createdTime>2025-08-14 04:26:46 UTC</createdTime>
<generatorID>4311C4D6-BC99-EF5F-8FD7-25723AE51C37</generatorID>
<ownerDesignName>Línea Aérea BT&amp;Airways</ownerDesignName>
<useDomainConstraints>false</useDomainConstraints>
<use>1</use>
<logicalDatatype>LOGDT024</logicalDatatype>
<dataTypeSize>50</dataTypeSize>
<ownDataTypeParameters>50,,</ownDataTypeParameters>
<autoIncrementCycle>false</autoIncrementCycle>
</Column>
<Column name="Direccion" id="B05F052D-790F-4EE4-4372-BED74D57D6E5">
<createdBy>varga</createdBy>
<createdTime>2025-08-14 04:26:46 UTC</createdTime>
<generatorID>404DC88A-6207-9250-30BE-BD7F5BFCC899</generatorID>
<ownerDesignName>Línea Aérea BT&amp;Airways</ownerDesignName>
<useDomainConstraints>false</useDomainConstraints>
<use>1</use>
<logicalDatatype>LOGDT024</logicalDatatype>
<dataTypeSize>150</dataTypeSize>
<ownDataTypeParameters>150,,</ownDataTypeParameters>
<autoIncrementCycle>false</autoIncrementCycle>
</Column>
<Column name="Sueldo_base" id="7A667270-69E0-0405-4D18-8372BA44EB51">
<createdBy>varga</createdBy>
<createdTime>2025-08-14 04:26:46 UTC</createdTime>
<generatorID>B5CEC326-2EFD-D3DF-7BA6-70EFBDD8DDEE</generatorID>
<ownerDesignName>Línea Aérea BT&amp;Airways</ownerDesignName>
<useDomainConstraints>false</useDomainConstraints>
<use>1</use>
<logicalDatatype>LOGDT019</logicalDatatype>
<ownDataTypeParameters>,,</ownDataTypeParameters>
<autoIncrementCycle>false</autoIncrementCycle>
</Column>
<Column name="Fecha_ingreso_compañia" id="94BAC162-322A-557A-105B-89A8599C9949">
<createdBy>varga</createdBy>
<createdTime>2025-08-14 04:26:46 UTC</createdTime>
<generatorID>8785E3EB-8D0A-B5DA-4707-7364A161CA49</generatorID>
<ownerDesignName>Línea Aérea BT&amp;Airways</ownerDesignName>
<useDomainConstraints>false</useDomainConstraints>
<use>1</use>
<logicalDatatype>LOGDT007</logicalDatatype>
<ownDataTypeParameters>,,</ownDataTypeParameters>
<autoIncrementCycle>false</autoIncrementCycle>
</Column>
<Column name="Genero" id="69C2D6FB-EEA5-627F-4D04-F7A45E840F6B">
<createdBy>varga</createdBy>
<createdTime>2025-08-14 04:26:46 UTC</createdTime>
<generatorID>DC327ED7-FFC5-A0E6-417E-A8EC2A7501AD</generatorID>
<ownerDesignName>Línea Aérea BT&amp;Airways</ownerDesignName>
<useDomainConstraints>false</useDomainConstraints>
<use>1</use>
<logicalDatatype>LOGDT024</logicalDatatype>
<dataTypeSize>10</dataTypeSize>
<ownDataTypeParameters>10,,</ownDataTypeParameters>
<autoIncrementCycle>false</autoIncrementCycle>
</Column>
<Column name="Telefono_movil" id="056C7D2E-90B4-D37F-B173-747AF8BE0FCC">
<createdBy>varga</createdBy>
<createdTime>2025-08-14 04:26:46 UTC</createdTime>
<generatorID>C0340DA1-9B50-EBC2-8350-18B4AB7F3FAA</generatorID>
<ownerDesignName>Línea Aérea BT&amp;Airways</ownerDesignName>
<useDomainConstraints>false</useDomainConstraints>
<use>1</use>
<logicalDatatype>LOGDT019</logicalDatatype>
<ownDataTypeParameters>,,</ownDataTypeParameters>
<autoIncrementCycle>false</autoIncrementCycle>
</Column>
<Column name="Otro_telefono_contacto" id="A8F48D0D-57F8-097B-CCBE-381F0AC786DE">
<createdBy>varga</createdBy>
<createdTime>2025-08-14 04:26:46 UTC</createdTime>
<generatorID>F14E2CA6-2EA2-7C76-2387-2463F8312B78</generatorID>
<ownerDesignName>Línea Aérea BT&amp;Airways</ownerDesignName>
<nullsAllowed>true</nullsAllowed>
<useDomainConstraints>false</useDomainConstraints>
<use>1</use>
<logicalDatatype>LOGDT019</logicalDatatype>
<ownDataTypeParameters>,,</ownDataTypeParameters>
<autoIncrementCycle>false</autoIncrementCycle>
</Column>
</columns>
<indexes itemClass="oracle.dbtools.crest.model.design.relational.Index">
<ind_PK_UK id="2D12F30F-85AC-D4E9-1B0F-0676CBF20E51" name="Empleados_PK">
<createdBy>varga</createdBy>
<createdTime>2025-08-14 04:26:46 UTC</createdTime>
<generatorID>C9947341-FA62-164C-8079-12E72AAC0B4E</generatorID>
<ownerDesignName>Línea Aérea BT&amp;Airways</ownerDesignName>
<pk>true</pk>
<indexState>Primary Constraint</indexState>
<isSurrogateKey>false</isSurrogateKey>
<indexColumnUsage>
<colUsage columnID="29D96F31-9ABB-C42E-C698-0068B0A45E1F"/>
</indexColumnUsage>
</ind_PK_UK>
</indexes>
</Table>