<?xml version = '1.0' encoding = 'UTF-8'?>
<Table class="oracle.dbtools.crest.model.design.relational.Table" directorySegmentName="seg_0" id="BC57EA0B-C1D1-62B9-E684-22948EDF9FB0" name="Pasajero">
<createdBy>varga</createdBy>
<createdTime>2025-08-14 03:40:03 UTC</createdTime>
<generatorID>C631D1B4-D733-D119-D6F4-2AEDA098445E</generatorID>
<ownerDesignName>Línea Aérea BT&amp;Airways</ownerDesignName>
<allowColumnReorder>false</allowColumnReorder>
<existDependencyGenerateInDDl>true</existDependencyGenerateInDDl>
<parsed>true</parsed>
<columns itemClass="oracle.dbtools.crest.model.design.relational.Column">
<Column name="numero_pasaporte" id="CBAFCC89-45DA-019F-432A-62E652ED22B0">
<createdBy>varga</createdBy>
<createdTime>2025-08-14 03:40:03 UTC</createdTime>
<generatorID>B9830596-C700-671A-B9E3-9A8E999A4BB8</generatorID>
<ownerDesignName>Línea Aérea BT&amp;Airways</ownerDesignName>
<useDomainConstraints>false</useDomainConstraints>
<use>1</use>
<logicalDatatype>LOGDT019</logicalDatatype>
<ownDataTypeParameters>,,</ownDataTypeParameters>
<autoIncrementCycle>false</autoIncrementCycle>
</Column>
<Column name="Nombre_Completo" id="0F2E59A8-18D9-2643-26B8-7A067ACF8475">
<createdBy>varga</createdBy>
<createdTime>2025-08-14 03:40:03 UTC</createdTime>
<generatorID>158308C5-2D19-EA92-A8C7-7D22F9F34881</generatorID>
<ownerDesignName>Línea Aérea BT&amp;Airways</ownerDesignName>
<useDomainConstraints>false</useDomainConstraints>
<use>1</use>
<logicalDatatype>LOGDT024</logicalDatatype>
<dataTypeSize>50</dataTypeSize>
<ownDataTypeParameters>50,,</ownDataTypeParameters>
<autoIncrementCycle>false</autoIncrementCycle>
</Column>
<Column name="FechaNacimiento" id="30AAD38A-8EB3-DC9F-92E1-1935E6D742D4">
<createdBy>varga</createdBy>
<createdTime>2025-08-14 03:40:03 UTC</createdTime>
<generatorID>8601939C-67BE-ACF3-C1CD-03F13A2BC2B3</generatorID>
<ownerDesignName>Línea Aérea BT&amp;Airways</ownerDesignName>
<useDomainConstraints>false</useDomainConstraints>
<use>1</use>
<logicalDatatype>LOGDT007</logicalDatatype>
<ownDataTypeParameters>,,</ownDataTypeParameters>
<autoIncrementCycle>false</autoIncrementCycle>
</Column>
<Column name="Nacionalidad" id="5A0F2742-027C-ABE9-458E-1057A4A38867">
<createdBy>varga</createdBy>
<createdTime>2025-08-14 03:40:03 UTC</createdTime>
<generatorID>5EFDFE20-C8D4-1895-886F-B28C1525023C</generatorID>
<ownerDesignName>Línea Aérea BT&amp;Airways</ownerDesignName>
<useDomainConstraints>false</useDomainConstraints>
<use>1</use>
<logicalDatatype>LOGDT024</logicalDatatype>
<dataTypeSize>50</dataTypeSize>
<ownDataTypeParameters>50,,</ownDataTypeParameters>
<autoIncrementCycle>false</autoIncrementCycle>
</Column>
<Column name="telefono" id="FC16200E-215A-D0D3-5BB7-38147FE8A99F">
<createdBy>varga</createdBy>
<createdTime>2025-08-14 03:40:03 UTC</createdTime>
<generatorID>3A61E392-EE4D-4C32-A0AF-A98282786B05</generatorID>
<ownerDesignName>Línea Aérea BT&amp;Airways</ownerDesignName>
<nullsAllowed>true</nullsAllowed>
<useDomainConstraints>false</useDomainConstraints>
<use>1</use>
<logicalDatatype>LOGDT019</logicalDatatype>
<ownDataTypeParameters>,,</ownDataTypeParameters>
<autoIncrementCycle>false</autoIncrementCycle>
</Column>
<Column name="email" id="31FD7364-560C-EC65-E48C-63B77A9DB965">
<createdBy>varga</createdBy>
<createdTime>2025-08-14 03:40:03 UTC</createdTime>
<generatorID>9B9F5507-FD8D-2492-2D12-9B11D5CCC15E</generatorID>
<ownerDesignName>Línea Aérea BT&amp;Airways</ownerDesignName>
<nullsAllowed>true</nullsAllowed>
<useDomainConstraints>false</useDomainConstraints>
<use>1</use>
<logicalDatatype>LOGDT024</logicalDatatype>
<dataTypeSize>100</dataTypeSize>
<ownDataTypeParameters>100,,</ownDataTypeParameters>
<autoIncrementCycle>false</autoIncrementCycle>
</Column>
</columns>
<indexes itemClass="oracle.dbtools.crest.model.design.relational.Index">
<ind_PK_UK id="482C42AF-3464-918C-150D-69BEF924AC74" name="Pasajero_PK">
<createdBy>varga</createdBy>
<createdTime>2025-08-14 03:40:03 UTC</createdTime>
<generatorID>6768D781-2BEF-5A1B-0D0E-9F6886D8AEDA</generatorID>
<ownerDesignName>Línea Aérea BT&amp;Airways</ownerDesignName>
<pk>true</pk>
<indexState>Primary Constraint</indexState>
<isSurrogateKey>false</isSurrogateKey>
<indexColumnUsage>
<colUsage columnID="CBAFCC89-45DA-019F-432A-62E652ED22B0"/>
</indexColumnUsage>
</ind_PK_UK>
</indexes>
</Table>