<?xml version = '1.0' encoding = 'UTF-8'?>
<Table class="oracle.dbtools.crest.model.design.relational.Table" directorySegmentName="seg_0" id="D514B2E4-0272-11CB-BB00-731FE06E5A72" name="Vuelo">
<createdBy>varga</createdBy>
<createdTime>2025-08-14 04:26:46 UTC</createdTime>
<generatorID>20EBD21B-CD9E-D2A0-9958-10448BFD675B</generatorID>
<ownerDesignName>Línea Aérea BT&amp;Airways</ownerDesignName>
<allowColumnReorder>false</allowColumnReorder>
<existDependencyGenerateInDDl>true</existDependencyGenerateInDDl>
<parsed>true</parsed>
<columns itemClass="oracle.dbtools.crest.model.design.relational.Column">
<Column name="Numero_vuelo" id="1B573674-D39A-C3E6-C293-404E00A29D2A">
<createdBy>varga</createdBy>
<createdTime>2025-08-14 04:26:46 UTC</createdTime>
<generatorID>A44E5A3F-311F-3AE8-BDAB-4AE6A029AE1C</generatorID>
<ownerDesignName>Línea Aérea BT&amp;Airways</ownerDesignName>
<useDomainConstraints>false</useDomainConstraints>
<use>1</use>
<logicalDatatype>LOGDT024</logicalDatatype>
<dataTypeSize>10</dataTypeSize>
<ownDataTypeParameters>10,,</ownDataTypeParameters>
<autoIncrementCycle>false</autoIncrementCycle>
</Column>
<Column name="Fecha_despegue" id="34C22CCA-287F-A44A-F988-919C96651E42">
<createdBy>varga</createdBy>
<createdTime>2025-08-14 04:26:46 UTC</createdTime>
<generatorID>1B5A47DF-7035-6BCA-6084-C1243DCCF19E</generatorID>
<ownerDesignName>Línea Aérea BT&amp;Airways</ownerDesignName>
<useDomainConstraints>false</useDomainConstraints>
<use>1</use>
<logicalDatatype>LOGDT007</logicalDatatype>
<ownDataTypeParameters>,,</ownDataTypeParameters>
<autoIncrementCycle>false</autoIncrementCycle>
</Column>
<Column name="Fecha_llegada_destino" id="7653275B-DF71-1603-4A8B-876461DDB3A9">
<createdBy>varga</createdBy>
<createdTime>2025-08-14 04:26:46 UTC</createdTime>
<generatorID>CBA3D2C5-78C4-67BF-FB64-775CF754A79A</generatorID>
<ownerDesignName>Línea Aérea BT&amp;Airways</ownerDesignName>
<useDomainConstraints>false</useDomainConstraints>
<use>1</use>
<logicalDatatype>LOGDT007</logicalDatatype>
<ownDataTypeParameters>,,</ownDataTypeParameters>
<autoIncrementCycle>false</autoIncrementCycle>
</Column>
<Column name="Hora_salida_aeropuerto" id="2E6788B9-ADCB-0F06-B6DF-168ADF8B637B">
<createdBy>varga</createdBy>
<createdTime>2025-08-14 04:26:46 UTC</createdTime>
<generatorID>C396F56C-72CB-0D83-B910-0103DB1696BB</generatorID>
<ownerDesignName>Línea Aérea BT&amp;Airways</ownerDesignName>
<useDomainConstraints>false</useDomainConstraints>
<use>1</use>
<logicalDatatype>LOGDT007</logicalDatatype>
<ownDataTypeParameters>,,</ownDataTypeParameters>
<autoIncrementCycle>false</autoIncrementCycle>
</Column>
</columns>
<indexes itemClass="oracle.dbtools.crest.model.design.relational.Index">
<ind_PK_UK id="C27E595D-C611-1636-C533-02842B01612F" name="Vuelo_PK">
<createdBy>varga</createdBy>
<createdTime>2025-08-14 04:26:46 UTC</createdTime>
<generatorID>E42CE7F2-9866-7FE7-07E8-7484EA980715</generatorID>
<ownerDesignName>Línea Aérea BT&amp;Airways</ownerDesignName>
<pk>true</pk>
<indexState>Primary Constraint</indexState>
<isSurrogateKey>false</isSurrogateKey>
<indexColumnUsage>
<colUsage columnID="1B573674-D39A-C3E6-C293-404E00A29D2A"/>
</indexColumnUsage>
</ind_PK_UK>
</indexes>
</Table>