<?xml version = '1.0' encoding = 'UTF-8'?>
<Diagram class="oracle.dbtools.crest.swingui.relational.DPVRelational" name="Relational_1" id="4257FD9F-0E57-159B-D25C-553C56C82D5C">
<createdBy>varga</createdBy>
<modifiedBy>varga</modifiedBy>
<createdTime>2025-08-14 03:39:51 UTC</createdTime>
<autoRoute>false</autoRoute>
<boxInbox>true</boxInbox>
<showLegend>false</showLegend>
<showLabels>false</showLabels>
<showRelAttributes>false</showRelAttributes>
<gridEnabled>false</gridEnabled>
<showGrid>false</showGrid>
<diagramColor>-1</diagramColor>
<display>false</display>
<notation>1</notation>
<objectViews>
<OView class="oracle.dbtools.crest.swingui.relational.TVTable" oid="798E8458-B14D-8630-F7D9-470041DD5CEF" otype="Table" vid="DBDDD155-F8A5-1633-0CCF-F4A7720A4600">
<hideElementsInCurrentOnly>false</hideElementsInCurrentOnly>
<bounds x="508" y="38" width="179" height="182"/>
</OView>
<OView class="oracle.dbtools.crest.swingui.relational.TVTable" oid="BC57EA0B-C1D1-62B9-E684-22948EDF9FB0" otype="Table" vid="0E1569CD-3340-EA1A-A5F0-B185E1A40F3E">
<hideElementsInCurrentOnly>false</hideElementsInCurrentOnly>
<bounds x="10" y="35" width="162" height="157"/>
</OView>
<OView class="oracle.dbtools.crest.swingui.relational.TVTable" oid="D514B2E4-0272-11CB-BB00-731FE06E5A72" otype="Table" vid="7A088CC1-8E44-2671-FF88-472DBC5648F0">
<hideElementsInCurrentOnly>false</hideElementsInCurrentOnly>
<bounds x="245" y="61" width="147" height="129"/>
</OView>
</objectViews>
<connectors>
<Connector class="oracle.dbtools.crest.swingui.relational.TVFKRelation" oid="8145C61C-896B-D9CC-D7F7-6A7D5842E04E" otype="FKIndexAssociation" vid_source="7A088CC1-8E44-2671-FF88-472DBC5648F0" vid_target="0E1569CD-3340-EA1A-A5F0-B185E1A40F3E">
<hideElementsInCurrentOnly>false</hideElementsInCurrentOnly>
<backgroundColor>-16777216</backgroundColor>
<lineWidth>1</lineWidth>
<points>
<point x="245" y="125"/>
<point x="172" y="125"/>
</points>
</Connector>
<Connector class="oracle.dbtools.crest.swingui.relational.TVFKRelation" oid="C395F5EA-CC41-F896-EF69-DF84BB35B902" otype="FKIndexAssociation" vid_source="7A088CC1-8E44-2671-FF88-472DBC5648F0" vid_target="DBDDD155-F8A5-1633-0CCF-F4A7720A4600">
<hideElementsInCurrentOnly>false</hideElementsInCurrentOnly>
<backgroundColor>-16777216</backgroundColor>
<lineWidth>1</lineWidth>
<points>
<point x="392" y="125"/>
<point x="508" y="125"/>
</points>
</Connector>
</connectors>
</Diagram>