<?xml version = '1.0' encoding = 'UTF-8'?>
<Diagram class="oracle.dbtools.crest.swingui.relational.DPVRelational" name="Relational_1" id="4257FD9F-0E57-159B-D25C-553C56C82D5C">
<createdBy>varga</createdBy>
<modifiedBy>varga</modifiedBy>
<createdTime>2025-08-14 03:39:51 UTC</createdTime>
<autoRoute>false</autoRoute>
<boxInbox>true</boxInbox>
<showLegend>false</showLegend>
<showLabels>false</showLabels>
<showRelAttributes>false</showRelAttributes>
<gridEnabled>false</gridEnabled>
<showGrid>false</showGrid>
<diagramColor>-1</diagramColor>
<display>false</display>
<notation>1</notation>
<objectViews>
<OView class="oracle.dbtools.crest.swingui.relational.TVTable" oid="798E8458-B14D-8630-F7D9-470041DD5CEF" otype="Table" vid="DBDDD155-F8A5-1633-0CCF-F4A7720A4600">
<hideElementsInCurrentOnly>false</hideElementsInCurrentOnly>
<bounds x="289" y="12" width="286" height="182"/>
</OView>
<OView class="oracle.dbtools.crest.swingui.relational.TVTable" oid="BC57EA0B-C1D1-62B9-E684-22948EDF9FB0" otype="Table" vid="0E1569CD-3340-EA1A-A5F0-B185E1A40F3E">
<hideElementsInCurrentOnly>false</hideElementsInCurrentOnly>
<bounds x="16" y="17" width="226" height="157"/>
</OView>
<OView class="oracle.dbtools.crest.swingui.relational.TVTable" oid="D514B2E4-0272-11CB-BB00-731FE06E5A72" otype="Table" vid="7A088CC1-8E44-2671-FF88-472DBC5648F0">
<hideElementsInCurrentOnly>false</hideElementsInCurrentOnly>
<bounds x="35" y="218" width="252" height="129"/>
</OView>
</objectViews>
</Diagram>