<?xml version = '1.0' encoding = 'UTF-8'?>
<relationalModel class="oracle.dbtools.crest.model.design.relational.RelationalDesign" name="Relational_1" id="8EF3A448-99F2-3D0E-E72A-AFA7CC6D67B6" mainViewID="4257FD9F-0E57-159B-D25C-553C56C82D5C">
<createdBy>varga</createdBy>
<createdTime>2025-08-14 03:20:29 UTC</createdTime>
<ownerDesignName>Línea Aérea BT&amp;Airways</ownerDesignName>
<shouldBeOpen>false</shouldBeOpen>
<selectedRDBMSSite>32076570-2523-435C-2E92-BF29817DFF70</selectedRDBMSSite>
</relationalModel>