<?xml version = '1.0' encoding = 'UTF-8'?>
<Relation class="oracle.dbtools.crest.model.design.logical.Relation" name="Relation_1" directorySegmentName="seg_0" id="56F98EC1-26DE-2B72-626C-C61B83D3A62B">
<createdBy>varga</createdBy>
<createdTime>2025-08-15 00:04:37 UTC</createdTime>
<ownerDesignName>Línea Aérea BT&amp;Airways</ownerDesignName>
<engineerTo>
<item key="8EF3A448-99F2-3D0E-E72A-AFA7CC6D67B6" value="true"/>
</engineerTo>
<sourcePk>E42CE7F2-9866-7FE7-07E8-7484EA980715</sourcePk>
<identifying>false</identifying>
<optionalSource>false</optionalSource>
<optionalTarget>false</optionalTarget>
<sourceCardinality>1</sourceCardinality>
<sourceEntity>20EBD21B-CD9E-D2A0-9958-10448BFD675B</sourceEntity>
<targetCardinalityString>*</targetCardinalityString>
<targetEntity>C631D1B4-D733-D119-D6F4-2AEDA098445E</targetEntity>
<transferable>true</transferable>
<deleteRule>NO ACTION</deleteRule>
</Relation>