<?xml version = '1.0' encoding = 'UTF-8'?>
<Relation class="oracle.dbtools.crest.model.design.logical.Relation" name="Relation_2" directorySegmentName="seg_0" id="5925A781-352B-343E-4896-477A1CC02F26">
<createdBy>varga</createdBy>
<createdTime>2025-08-15 00:05:10 UTC</createdTime>
<ownerDesignName>Línea Aérea BT&amp;Airways</ownerDesignName>
<engineerTo>
<item key="8EF3A448-99F2-3D0E-E72A-AFA7CC6D67B6" value="true"/>
</engineerTo>
<sourcePk>E42CE7F2-9866-7FE7-07E8-7484EA980715</sourcePk>
<identifying>false</identifying>
<optionalSource>false</optionalSource>
<optionalTarget>false</optionalTarget>
<sourceCardinality>1</sourceCardinality>
<sourceEntity>20EBD21B-CD9E-D2A0-9958-10448BFD675B</sourceEntity>
<targetCardinalityString>*</targetCardinalityString>
<targetEntity>32C44566-B3FB-E568-AF98-996BDEAB1121</targetEntity>
<transferable>true</transferable>
<deleteRule>NO ACTION</deleteRule>
</Relation>