<?xml version = '1.0' encoding = 'UTF-8'?>
<Diagram class="oracle.dbtools.crest.swingui.logical.DPVLogical" name="Logical" id="16A580BF-1D1B-15C7-43E1-CD436300938B">
<createdBy>varga</createdBy>
<modifiedBy>varga</modifiedBy>
<createdTime>2025-08-14 03:24:10 UTC</createdTime>
<autoRoute>false</autoRoute>
<boxInbox>true</boxInbox>
<showLegend>false</showLegend>
<showLabels>false</showLabels>
<showRelAttributes>false</showRelAttributes>
<gridEnabled>false</gridEnabled>
<showGrid>false</showGrid>
<diagramColor>-1</diagramColor>
<display>false</display>
<notation>1</notation>
<objectViews>
<OView class="oracle.dbtools.crest.swingui.logical.TVEntity" oid="20EBD21B-CD9E-D2A0-9958-10448BFD675B" otype="Entity" vid="FD943080-31FB-B2DC-D0C7-3385E445EC77">
<hideElementsInCurrentOnly>false</hideElementsInCurrentOnly>
<bounds x="35" y="218" width="252" height="129"/>
</OView>
<OView class="oracle.dbtools.crest.swingui.logical.TVEntity" oid="32C44566-B3FB-E568-AF98-996BDEAB1121" otype="Entity" vid="F86F1551-003D-B800-69FE-1CBDD50A5223">
<hideElementsInCurrentOnly>false</hideElementsInCurrentOnly>
<bounds x="289" y="12" width="286" height="182"/>
</OView>
<OView class="oracle.dbtools.crest.swingui.logical.TVEntity" oid="C631D1B4-D733-D119-D6F4-2AEDA098445E" otype="Entity" vid="22222791-B7D6-3A1B-4E53-14DE2755E38A">
<hideElementsInCurrentOnly>false</hideElementsInCurrentOnly>
<bounds x="16" y="17" width="226" height="157"/>
</OView>
</objectViews>
</Diagram>