<?xml version = '1.0' encoding = 'UTF-8'?>
<Diagram class="oracle.dbtools.crest.swingui.logical.DPVLogical" name="Logical" id="16A580BF-1D1B-15C7-43E1-CD436300938B">
<createdBy>varga</createdBy>
<modifiedBy>varga</modifiedBy>
<createdTime>2025-08-14 03:24:10 UTC</createdTime>
<autoRoute>false</autoRoute>
<boxInbox>true</boxInbox>
<showLegend>false</showLegend>
<showLabels>false</showLabels>
<showRelAttributes>false</showRelAttributes>
<gridEnabled>false</gridEnabled>
<showGrid>false</showGrid>
<diagramColor>-1</diagramColor>
<display>false</display>
<notation>1</notation>
<objectViews>
<OView class="oracle.dbtools.crest.swingui.logical.TVEntity" oid="20EBD21B-CD9E-D2A0-9958-10448BFD675B" otype="Entity" vid="FD943080-31FB-B2DC-D0C7-3385E445EC77">
<hideElementsInCurrentOnly>false</hideElementsInCurrentOnly>
<bounds x="245" y="61" width="147" height="129"/>
</OView>
<OView class="oracle.dbtools.crest.swingui.logical.TVEntity" oid="32C44566-B3FB-E568-AF98-996BDEAB1121" otype="Entity" vid="F86F1551-003D-B800-69FE-1CBDD50A5223">
<hideElementsInCurrentOnly>false</hideElementsInCurrentOnly>
<bounds x="508" y="38" width="179" height="182"/>
</OView>
<OView class="oracle.dbtools.crest.swingui.logical.TVEntity" oid="C631D1B4-D733-D119-D6F4-2AEDA098445E" otype="Entity" vid="22222791-B7D6-3A1B-4E53-14DE2755E38A">
<hideElementsInCurrentOnly>false</hideElementsInCurrentOnly>
<bounds x="10" y="35" width="162" height="157"/>
</OView>
</objectViews>
<connectors>
<Connector class="oracle.dbtools.crest.swingui.logical.TVRelation" oid="56F98EC1-26DE-2B72-626C-C61B83D3A62B" otype="Relation" vid_source="FD943080-31FB-B2DC-D0C7-3385E445EC77" vid_target="22222791-B7D6-3A1B-4E53-14DE2755E38A">
<hideElementsInCurrentOnly>false</hideElementsInCurrentOnly>
<backgroundColor>-16777216</backgroundColor>
<lineWidth>1</lineWidth>
<points>
<point x="245" y="125"/>
<point x="172" y="125"/>
</points>
</Connector>
<Connector class="oracle.dbtools.crest.swingui.logical.TVRelation" oid="5925A781-352B-343E-4896-477A1CC02F26" otype="Relation" vid_source="FD943080-31FB-B2DC-D0C7-3385E445EC77" vid_target="F86F1551-003D-B800-69FE-1CBDD50A5223">
<hideElementsInCurrentOnly>false</hideElementsInCurrentOnly>
<backgroundColor>-16777216</backgroundColor>
<lineWidth>1</lineWidth>
<points>
<point x="392" y="125"/>
<point x="508" y="125"/>
</points>
</Connector>
</connectors>
</Diagram>