<?xml version = '1.0' encoding = 'UTF-8'?>
<Entity class="oracle.dbtools.crest.model.design.logical.Entity" directorySegmentName="seg_0" id="20EBD21B-CD9E-D2A0-9958-10448BFD675B" name="Vuelo">
<createdBy>varga</createdBy>
<createdTime>2025-08-14 04:18:48 UTC</createdTime>
<ownerDesignName>Línea Aérea BT&amp;Airways</ownerDesignName>
<engineerTo>
<item key="8EF3A448-99F2-3D0E-E72A-AFA7CC6D67B6" value="true"/>
</engineerTo>
<adequatelyNormalized>NO</adequatelyNormalized>
<expectedVolumes>0</expectedVolumes>
<fwdEngineeringStrategyName>Single Table</fwdEngineeringStrategyName>
<growthPercent>0</growthPercent>
<growthType>Year</growthType>
<maxVolumes>9999999</maxVolumes>
<minVolumes>0</minVolumes>
<normalForm>Third</normalForm>
<attributes itemClass="oracle.dbtools.crest.model.design.logical.Attribute">
<Attribute name="Numero vuelo" id="A44E5A3F-311F-3AE8-BDAB-4AE6A029AE1C">
<createdBy>varga</createdBy>
<createdTime>2025-08-14 04:18:56 UTC</createdTime>
<ownerDesignName>Línea Aérea BT&amp;Airways</ownerDesignName>
<engineerTo>
<item key="8EF3A448-99F2-3D0E-E72A-AFA7CC6D67B6" value="true"/>
</engineerTo>
<useDomainConstraints>false</useDomainConstraints>
<use>1</use>
<logicalDatatype>LOGDT024</logicalDatatype>
<dataTypeSize>10</dataTypeSize>
<ownDataTypeParameters>10,,</ownDataTypeParameters>
</Attribute>
<Attribute name="Fecha despegue" id="1B5A47DF-7035-6BCA-6084-C1243DCCF19E">
<createdBy>varga</createdBy>
<createdTime>2025-08-14 04:19:43 UTC</createdTime>
<ownerDesignName>Línea Aérea BT&amp;Airways</ownerDesignName>
<engineerTo>
<item key="8EF3A448-99F2-3D0E-E72A-AFA7CC6D67B6" value="true"/>
</engineerTo>
<useDomainConstraints>false</useDomainConstraints>
<use>1</use>
<logicalDatatype>LOGDT007</logicalDatatype>
<ownDataTypeParameters>,,</ownDataTypeParameters>
</Attribute>
<Attribute name="Fecha llegada destino" id="CBA3D2C5-78C4-67BF-FB64-775CF754A79A">
<createdBy>varga</createdBy>
<createdTime>2025-08-14 04:20:06 UTC</createdTime>
<ownerDesignName>Línea Aérea BT&amp;Airways</ownerDesignName>
<engineerTo>
<item key="8EF3A448-99F2-3D0E-E72A-AFA7CC6D67B6" value="true"/>
</engineerTo>
<useDomainConstraints>false</useDomainConstraints>
<use>1</use>
<logicalDatatype>LOGDT007</logicalDatatype>
<ownDataTypeParameters>,,</ownDataTypeParameters>
</Attribute>
<Attribute name="Hora salida aeropuerto" id="C396F56C-72CB-0D83-B910-0103DB1696BB">
<createdBy>varga</createdBy>
<createdTime>2025-08-14 04:20:58 UTC</createdTime>
<ownerDesignName>Línea Aérea BT&amp;Airways</ownerDesignName>
<engineerTo>
<item key="8EF3A448-99F2-3D0E-E72A-AFA7CC6D67B6" value="true"/>
</engineerTo>
<useDomainConstraints>false</useDomainConstraints>
<use>1</use>
<logicalDatatype>LOGDT007</logicalDatatype>
<ownDataTypeParameters>,,</ownDataTypeParameters>
</Attribute>
</attributes>
<identifiers itemClass="oracle.dbtools.crest.model.design.logical.CandidateKey">
<identifier id="E42CE7F2-9866-7FE7-07E8-7484EA980715" name="Vuelo PK">
<createdBy>varga</createdBy>
<createdTime>2025-08-14 04:19:39 UTC</createdTime>
<ownerDesignName>Línea Aérea BT&amp;Airways</ownerDesignName>
<engineerTo>
<item key="8EF3A448-99F2-3D0E-E72A-AFA7CC6D67B6" value="true"/>
</engineerTo>
<pk>true</pk>
<usedAttributes>
<attributeRef>A44E5A3F-311F-3AE8-BDAB-4AE6A029AE1C</attributeRef>
</usedAttributes>
</identifier>
</identifiers>
</Entity>