<?xml version = '1.0' encoding = 'UTF-8'?>
<Entity class="oracle.dbtools.crest.model.design.logical.Entity" directorySegmentName="seg_0" id="32C44566-B3FB-E568-AF98-996BDEAB1121" name="Empleados">
<createdBy>varga</createdBy>
<createdTime>2025-08-14 03:56:03 UTC</createdTime>
<ownerDesignName>Línea Aérea BT&amp;Airways</ownerDesignName>
<engineerTo>
<item key="8EF3A448-99F2-3D0E-E72A-AFA7CC6D67B6" value="true"/>
</engineerTo>
<adequatelyNormalized>NO</adequatelyNormalized>
<expectedVolumes>0</expectedVolumes>
<fwdEngineeringStrategyName>Single Table</fwdEngineeringStrategyName>
<growthPercent>0</growthPercent>
<growthType>Year</growthType>
<maxVolumes>9999999</maxVolumes>
<minVolumes>0</minVolumes>
<normalForm>Third</normalForm>
<attributes itemClass="oracle.dbtools.crest.model.design.logical.Attribute">
<Attribute name="RUT" id="2A121465-AC6D-D4E0-B70C-FD2786AA3D25">
<createdBy>varga</createdBy>
<createdTime>2025-08-14 03:56:22 UTC</createdTime>
<ownerDesignName>Línea Aérea BT&amp;Airways</ownerDesignName>
<engineerTo>
<item key="8EF3A448-99F2-3D0E-E72A-AFA7CC6D67B6" value="true"/>
</engineerTo>
<useDomainConstraints>false</useDomainConstraints>
<use>1</use>
<logicalDatatype>LOGDT024</logicalDatatype>
<dataTypeSize>15</dataTypeSize>
<ownDataTypeParameters>15,,</ownDataTypeParameters>
</Attribute>
<Attribute name="Nombre completo" id="4311C4D6-BC99-EF5F-8FD7-25723AE51C37">
<createdBy>varga</createdBy>
<createdTime>2025-08-14 04:05:46 UTC</createdTime>
<ownerDesignName>Línea Aérea BT&amp;Airways</ownerDesignName>
<engineerTo>
<item key="8EF3A448-99F2-3D0E-E72A-AFA7CC6D67B6" value="true"/>
</engineerTo>
<useDomainConstraints>false</useDomainConstraints>
<use>1</use>
<logicalDatatype>LOGDT024</logicalDatatype>
<dataTypeSize>50</dataTypeSize>
<ownDataTypeParameters>50,,</ownDataTypeParameters>
</Attribute>
<Attribute name="Direccion" id="404DC88A-6207-9250-30BE-BD7F5BFCC899">
<createdBy>varga</createdBy>
<createdTime>2025-08-14 04:07:32 UTC</createdTime>
<ownerDesignName>Línea Aérea BT&amp;Airways</ownerDesignName>
<engineerTo>
<item key="8EF3A448-99F2-3D0E-E72A-AFA7CC6D67B6" value="true"/>
</engineerTo>
<useDomainConstraints>false</useDomainConstraints>
<use>1</use>
<logicalDatatype>LOGDT024</logicalDatatype>
<dataTypeSize>150</dataTypeSize>
<ownDataTypeParameters>150,,</ownDataTypeParameters>
</Attribute>
<Attribute name="Sueldo base" id="B5CEC326-2EFD-D3DF-7BA6-70EFBDD8DDEE">
<createdBy>varga</createdBy>
<createdTime>2025-08-14 04:09:48 UTC</createdTime>
<ownerDesignName>Línea Aérea BT&amp;Airways</ownerDesignName>
<engineerTo>
<item key="8EF3A448-99F2-3D0E-E72A-AFA7CC6D67B6" value="true"/>
</engineerTo>
<useDomainConstraints>false</useDomainConstraints>
<use>1</use>
<logicalDatatype>LOGDT019</logicalDatatype>
<ownDataTypeParameters>,,</ownDataTypeParameters>
</Attribute>
<Attribute name="Fecha ingreso compañia" id="8785E3EB-8D0A-B5DA-4707-7364A161CA49">
<createdBy>varga</createdBy>
<createdTime>2025-08-14 04:10:29 UTC</createdTime>
<ownerDesignName>Línea Aérea BT&amp;Airways</ownerDesignName>
<engineerTo>
<item key="8EF3A448-99F2-3D0E-E72A-AFA7CC6D67B6" value="true"/>
</engineerTo>
<useDomainConstraints>false</useDomainConstraints>
<use>1</use>
<logicalDatatype>LOGDT007</logicalDatatype>
<ownDataTypeParameters>,,</ownDataTypeParameters>
</Attribute>
<Attribute name="Genero" id="DC327ED7-FFC5-A0E6-417E-A8EC2A7501AD">
<createdBy>varga</createdBy>
<createdTime>2025-08-14 04:11:37 UTC</createdTime>
<ownerDesignName>Línea Aérea BT&amp;Airways</ownerDesignName>
<engineerTo>
<item key="8EF3A448-99F2-3D0E-E72A-AFA7CC6D67B6" value="true"/>
</engineerTo>
<useDomainConstraints>false</useDomainConstraints>
<use>1</use>
<logicalDatatype>LOGDT024</logicalDatatype>
<dataTypeSize>10</dataTypeSize>
<ownDataTypeParameters>10,,</ownDataTypeParameters>
</Attribute>
<Attribute name="Telefono movil" id="C0340DA1-9B50-EBC2-8350-18B4AB7F3FAA">
<createdBy>varga</createdBy>
<createdTime>2025-08-14 04:14:34 UTC</createdTime>
<ownerDesignName>Línea Aérea BT&amp;Airways</ownerDesignName>
<engineerTo>
<item key="8EF3A448-99F2-3D0E-E72A-AFA7CC6D67B6" value="true"/>
</engineerTo>
<useDomainConstraints>false</useDomainConstraints>
<use>1</use>
<logicalDatatype>LOGDT019</logicalDatatype>
<ownDataTypeParameters>,,</ownDataTypeParameters>
</Attribute>
<Attribute name="Otro telefono contacto" id="F14E2CA6-2EA2-7C76-2387-2463F8312B78">
<createdBy>varga</createdBy>
<createdTime>2025-08-14 04:17:02 UTC</createdTime>
<ownerDesignName>Línea Aérea BT&amp;Airways</ownerDesignName>
<engineerTo>
<item key="8EF3A448-99F2-3D0E-E72A-AFA7CC6D67B6" value="true"/>
</engineerTo>
<nullsAllowed>true</nullsAllowed>
<useDomainConstraints>false</useDomainConstraints>
<use>1</use>
<logicalDatatype>LOGDT019</logicalDatatype>
<ownDataTypeParameters>,,</ownDataTypeParameters>
</Attribute>
<Attribute name="Numero vuelo" id="35420824-5E99-871A-5451-27E70B46A651">
<createdBy>varga</createdBy>
<createdTime>2025-08-15 00:05:10 UTC</createdTime>
<generatorID>5925A781-352B-343E-4896-477A1CC02F26</generatorID>
<ownerDesignName>Línea Aérea BT&amp;Airways</ownerDesignName>
<engineerTo>
<item key="8EF3A448-99F2-3D0E-E72A-AFA7CC6D67B6" value="true"/>
</engineerTo>
<referedAttribute>A44E5A3F-311F-3AE8-BDAB-4AE6A029AE1C</referedAttribute>
<useDomainConstraints>false</useDomainConstraints>
<use>1</use>
<logicalDatatype>LOGDT024</logicalDatatype>
<dataTypeSize>10</dataTypeSize>
<ownDataTypeParameters>,,</ownDataTypeParameters>
</Attribute>
</attributes>
<identifiers itemClass="oracle.dbtools.crest.model.design.logical.CandidateKey">
<identifier id="C9947341-FA62-164C-8079-12E72AAC0B4E" name="Empleados PK">
<createdBy>varga</createdBy>
<createdTime>2025-08-14 04:05:42 UTC</createdTime>
<ownerDesignName>Línea Aérea BT&amp;Airways</ownerDesignName>
<shouldEngineer>false</shouldEngineer>
<engineerTo>
<item key="8EF3A448-99F2-3D0E-E72A-AFA7CC6D67B6" value="false"/>
</engineerTo>
<pk>true</pk>
<usedAttributes>
<attributeRef>2A121465-AC6D-D4E0-B70C-FD2786AA3D25</attributeRef>
</usedAttributes>
</identifier>
</identifiers>
</Entity>