<?xml version = '1.0' encoding = 'UTF-8'?>
<Entity class="oracle.dbtools.crest.model.design.logical.Entity" directorySegmentName="seg_0" id="C631D1B4-D733-D119-D6F4-2AEDA098445E" name="Pasajero">
<createdBy>varga</createdBy>
<createdTime>2025-08-14 03:24:10 UTC</createdTime>
<ownerDesignName>Línea Aérea BT&amp;Airways</ownerDesignName>
<engineerTo>
<item key="8EF3A448-99F2-3D0E-E72A-AFA7CC6D67B6" value="true"/>
</engineerTo>
<adequatelyNormalized>NO</adequatelyNormalized>
<expectedVolumes>0</expectedVolumes>
<fwdEngineeringStrategyName>Single Table</fwdEngineeringStrategyName>
<growthPercent>0</growthPercent>
<growthType>Year</growthType>
<maxVolumes>9999999</maxVolumes>
<minVolumes>0</minVolumes>
<normalForm>Third</normalForm>
<attributes itemClass="oracle.dbtools.crest.model.design.logical.Attribute">
<Attribute name="numero pasaporte" id="B9830596-C700-671A-B9E3-9A8E999A4BB8">
<createdBy>varga</createdBy>
<createdTime>2025-08-14 03:26:09 UTC</createdTime>
<ownerDesignName>Línea Aérea BT&amp;Airways</ownerDesignName>
<engineerTo>
<item key="8EF3A448-99F2-3D0E-E72A-AFA7CC6D67B6" value="true"/>
</engineerTo>
<useDomainConstraints>false</useDomainConstraints>
<use>1</use>
<logicalDatatype>LOGDT019</logicalDatatype>
<ownDataTypeParameters>,,</ownDataTypeParameters>
</Attribute>
<Attribute name="Nombre Completo" id="158308C5-2D19-EA92-A8C7-7D22F9F34881">
<createdBy>varga</createdBy>
<createdTime>2025-08-14 03:30:42 UTC</createdTime>
<ownerDesignName>Línea Aérea BT&amp;Airways</ownerDesignName>
<engineerTo>
<item key="8EF3A448-99F2-3D0E-E72A-AFA7CC6D67B6" value="true"/>
</engineerTo>
<useDomainConstraints>false</useDomainConstraints>
<use>1</use>
<logicalDatatype>LOGDT024</logicalDatatype>
<dataTypeSize>50</dataTypeSize>
<ownDataTypeParameters>50,,</ownDataTypeParameters>
</Attribute>
<Attribute name="FechaNacimiento" id="8601939C-67BE-ACF3-C1CD-03F13A2BC2B3">
<createdBy>varga</createdBy>
<createdTime>2025-08-14 03:31:59 UTC</createdTime>
<ownerDesignName>Línea Aérea BT&amp;Airways</ownerDesignName>
<engineerTo>
<item key="8EF3A448-99F2-3D0E-E72A-AFA7CC6D67B6" value="true"/>
</engineerTo>
<useDomainConstraints>false</useDomainConstraints>
<use>1</use>
<logicalDatatype>LOGDT007</logicalDatatype>
<ownDataTypeParameters>,,</ownDataTypeParameters>
</Attribute>
<Attribute name="Nacionalidad" id="5EFDFE20-C8D4-1895-886F-B28C1525023C">
<createdBy>varga</createdBy>
<createdTime>2025-08-14 03:32:58 UTC</createdTime>
<ownerDesignName>Línea Aérea BT&amp;Airways</ownerDesignName>
<engineerTo>
<item key="8EF3A448-99F2-3D0E-E72A-AFA7CC6D67B6" value="true"/>
</engineerTo>
<useDomainConstraints>false</useDomainConstraints>
<use>1</use>
<logicalDatatype>LOGDT024</logicalDatatype>
<dataTypeSize>50</dataTypeSize>
<ownDataTypeParameters>50,,</ownDataTypeParameters>
</Attribute>
<Attribute name="telefono" id="3A61E392-EE4D-4C32-A0AF-A98282786B05">
<createdBy>varga</createdBy>
<createdTime>2025-08-14 03:33:52 UTC</createdTime>
<ownerDesignName>Línea Aérea BT&amp;Airways</ownerDesignName>
<engineerTo>
<item key="8EF3A448-99F2-3D0E-E72A-AFA7CC6D67B6" value="true"/>
</engineerTo>
<nullsAllowed>true</nullsAllowed>
<useDomainConstraints>false</useDomainConstraints>
<use>1</use>
<logicalDatatype>LOGDT019</logicalDatatype>
<ownDataTypeParameters>,,</ownDataTypeParameters>
</Attribute>
<Attribute name="email" id="9B9F5507-FD8D-2492-2D12-9B11D5CCC15E">
<createdBy>varga</createdBy>
<createdTime>2025-08-14 03:34:36 UTC</createdTime>
<ownerDesignName>Línea Aérea BT&amp;Airways</ownerDesignName>
<engineerTo>
<item key="8EF3A448-99F2-3D0E-E72A-AFA7CC6D67B6" value="true"/>
</engineerTo>
<nullsAllowed>true</nullsAllowed>
<useDomainConstraints>false</useDomainConstraints>
<use>1</use>
<logicalDatatype>LOGDT024</logicalDatatype>
<dataTypeSize>100</dataTypeSize>
<ownDataTypeParameters>100,,</ownDataTypeParameters>
</Attribute>
<Attribute name="Numero vuelo" id="90F19BF5-CD89-8E2C-2D06-7636DFD829D5">
<createdBy>varga</createdBy>
<createdTime>2025-08-15 00:04:37 UTC</createdTime>
<generatorID>56F98EC1-26DE-2B72-626C-C61B83D3A62B</generatorID>
<ownerDesignName>Línea Aérea BT&amp;Airways</ownerDesignName>
<engineerTo>
<item key="8EF3A448-99F2-3D0E-E72A-AFA7CC6D67B6" value="true"/>
</engineerTo>
<referedAttribute>A44E5A3F-311F-3AE8-BDAB-4AE6A029AE1C</referedAttribute>
<useDomainConstraints>false</useDomainConstraints>
<use>1</use>
<logicalDatatype>LOGDT024</logicalDatatype>
<dataTypeSize>10</dataTypeSize>
<ownDataTypeParameters>,,</ownDataTypeParameters>
</Attribute>
</attributes>
<identifiers itemClass="oracle.dbtools.crest.model.design.logical.CandidateKey">
<identifier id="6768D781-2BEF-5A1B-0D0E-9F6886D8AEDA" name="Pasajero PK">
<createdBy>varga</createdBy>
<createdTime>2025-08-14 03:30:18 UTC</createdTime>
<ownerDesignName>Línea Aérea BT&amp;Airways</ownerDesignName>
<shouldEngineer>false</shouldEngineer>
<engineerTo>
<item key="8EF3A448-99F2-3D0E-E72A-AFA7CC6D67B6" value="false"/>
</engineerTo>
<pk>true</pk>
<usedAttributes>
<attributeRef>B9830596-C700-671A-B9E3-9A8E999A4BB8</attributeRef>
</usedAttributes>
</identifier>
</identifiers>
</Entity>