<?xml version = '1.0' encoding = 'UTF-8'?>
<FKIndexAssociation class="oracle.dbtools.crest.model.design.relational.FKIndexAssociation" directorySegmentName="seg_0" id="8145C61C-896B-D9CC-D7F7-6A7D5842E04E" containerWithKeyObject="BC57EA0B-C1D1-62B9-E684-22948EDF9FB0" localFKIndex="D7359FDD-0B29-C643-F6FE-C9A333D9CB8D" name="Pasajero_Vuelo_FK">
<createdBy>varga</createdBy>
<createdTime>2025-08-15 00:05:33 UTC</createdTime>
<generatorID>56F98EC1-26DE-2B72-626C-C61B83D3A62B</generatorID>
<ownerDesignName>Línea Aérea BT&amp;Airways</ownerDesignName>
<referredTableLongName>Vuelo</referredTableLongName>
<deleteRule>NO ACTION</deleteRule>
<referredTableID>D514B2E4-0272-11CB-BB00-731FE06E5A72</referredTableID>
<keyObject>C27E595D-C611-1636-C533-02842B01612F</keyObject>
<referredKeyID>C27E595D-C611-1636-C533-02842B01612F</referredKeyID>
<mandatory>true</mandatory>
<refColNames>Numero_vuelo</refColNames>
<transferable>true</transferable>
<rely>false</rely>
<columnDependencyConstraintGenerateInDDL>true</columnDependencyConstraintGenerateInDDL>
</FKIndexAssociation>