<?xml version = '1.0' encoding = 'UTF-8'?>
<FKIndexAssociation class="oracle.dbtools.crest.model.design.relational.FKIndexAssociation" directorySegmentName="seg_0" id="C395F5EA-CC41-F896-EF69-DF84BB35B902" containerWithKeyObject="798E8458-B14D-8630-F7D9-470041DD5CEF" localFKIndex="D446C848-678A-6499-0865-351BE55B4E26" name="Empleados_Vuelo_FK">
<createdBy>varga</createdBy>
<createdTime>2025-08-15 00:05:33 UTC</createdTime>
<generatorID>5925A781-352B-343E-4896-477A1CC02F26</generatorID>
<ownerDesignName>Línea Aérea BT&amp;Airways</ownerDesignName>
<referredTableLongName>Vuelo</referredTableLongName>
<deleteRule>NO ACTION</deleteRule>
<referredTableID>D514B2E4-0272-11CB-BB00-731FE06E5A72</referredTableID>
<keyObject>C27E595D-C611-1636-C533-02842B01612F</keyObject>
<referredKeyID>C27E595D-C611-1636-C533-02842B01612F</referredKeyID>
<mandatory>true</mandatory>
<refColNames>Numero_vuelo</refColNames>
<transferable>true</transferable>
<rely>false</rely>
<columnDependencyConstraintGenerateInDDL>true</columnDependencyConstraintGenerateInDDL>
</FKIndexAssociation>